{
  "total_periods": 50,
  "avg_total_return": 0.03385492171475045,
  "avg_sharpe_ratio": 1.4800796980907043,
  "avg_calmar_ratio": 1.5612642385934248,
  "worst_max_drawdown": -0.12638954012660053,
  "avg_volatility": 0.02233021119743544,
  "hit_ratio": 0.76,
  "benchmark_6040_avg_return": 0.021308488423835863,
  "benchmark_6040_avg_sharpe": 1.164509544850337,
  "excess_return_vs_6040": 0.012546433290914587,
  "excess_sharpe_vs_6040": 0.3155701532403672,
  "benchmark_spy_avg_return": 0.034268655264365795,
  "benchmark_spy_avg_sharpe": 1.045365707192071,
  "excess_return_vs_spy": -0.00041373354961534575,
  "excess_sharpe_vs_spy": 0.4347139908986333,
  "benchmark_tlt_avg_return": 0.0024410149311876396,
  "benchmark_tlt_avg_sharpe": 0.7179730552478207,
  "excess_return_vs_tlt": 0.03141390678356281,
  "excess_sharpe_vs_tlt": 0.7621066428428835,
  "total_transaction_costs": 0.00335420381026756,
  "avg_transaction_cost": 6.70840762053512e-05,
  "total_turnover": 4.807041071326178,
  "avg_turnover": 0.09614082142652355,
  "net_total_return": 0.0337878376385451,
  "avg_return_annual": 0.15964149603191072,
  "avg_volatility_annual": 0.07735412067540327,
  "avg_sharpe_ratio_annual": 5.127146472688609,
  "avg_sortino_ratio_annual": 2.9128161888938684,
  "avg_calmar_ratio_annual": 3.214340839994102,
  "avg_sortino_ratio": 0.41760358779652784,
  "max_drawdown_overall": -0.20740652333342016,
  "calmar_ratio_overall": 18.65450884549837
}
