{
  "total_periods": 90,
  "avg_total_return": 0.018732022462697884,
  "avg_sharpe_ratio": 0.8504266452914825,
  "avg_calmar_ratio": 3.520746600657425,
  "worst_max_drawdown": -0.08582515897213626,
  "avg_volatility": 0.03879912496644014,
  "hit_ratio": 0.6,
  "benchmark_avg_return": 0.010636622381059509,
  "benchmark_avg_sharpe": 0.25260967689243874,
  "excess_return": 0.008095400081638376,
  "excess_sharpe": 0.5978169683990437,
  "total_transaction_costs": 0.0035136801841763048,
  "avg_transaction_cost": 3.9040890935292276e-05,
  "total_turnover": 3.51368019644047,
  "avg_turnover": 0.03904089107156078,
  "net_total_return": 0.018692981571762593,
  "avg_sortino_ratio": 0.34926024776328707
}